resource_name,desc_old
Advanced Research Computing,"Advanced Research Computing (ARC), a division of ITS, offers scientific computing and research consulting services to help implement machine learning and data driven workflows within their projects. These services include expert guidance on data science projects, identifying proper tools, and programming in support of implementing advanced data analytics, machine learning models, and computational techniques to enhance research projects. This service is not for general guidance on use of HPC resource ARC provides."
Data Science for Dynamic Intervention Decision Making Center (d3),"As we develop the methodological toolkit scientists need to address today’s biggest public health challenges, we’re collaborating with and training scientific partners to implement our methodology to solve real-world problems. Through partnerships with stakeholders around the world, we will catalyze a new generation of evidence-based, technology-powered treatments that improve health and education outcomes for everyone."
Statistical Analysis of Biomedical and Educational Research Group (SABER),"The Statistical Analysis of Biomedical and Educational Research Group (SABER) unit of the Department of Biostatistics provides expertise in the design, conduct, and analysis of multi-center clinical trials and multi-disciplinary research. Whether it be just a statistical, methodological, or an operational issue, SABER applies its resources to deliver time-effective design and quality-based output that meet investigational needs.
We have served as the data coordinating center (DCC) for NIH network-based, individual-investigator, and pharmaceutical company-sponsored studies. We have the capacity to simultaneously support multiple clinical studies at various stages of development. These collaborations have led to numerous publications in peer-reviewed journals and presentations or posters at scientific meetings.

Statistical expertise and experience differentiates SABER from other groups that support clinical studies. SABER is housed within the department of biostatistics at the University of Michigan School of Public Health, rated the top biostatistics program in the country by the National Academies. We bring biostatistical design and analysis expertise to a wide spectrum of health-related issues. Our faculty, students, and staff work in important and diverse areas of current biostatistical research including image analysis, survival and event history analysis, statistical genetics and bioinformatics, clinical trials, Bayesian methods, statistical computing, longitudinal data analysis, methods for missing data, and survey research.

SABER employs dedicated personnel and tools that provide collaborative expertise in design, conduct, and analysis, administrative coordination and communication, study planning and management, data management, quality control and assurance, and human subjects' protection and regulatory affairs for single and multicenter clinical studies. SABER has a robust internal training and quality control environment, with standard operating procedures, work instructions and checklists for common activities. Study start-up and study close-out debriefing sessions present training opportunities for new staff and faculty."
Clinical & Health Research Dissemination & Implementation Science Catalyst (DISC),"DISC manages several D&I resources for U-M study teams, including the Implementation Science Network (ISN). The ISN was developed to build a critical mass of faculty, staff, and trainees interested in D&I and enable networking and mentoring opportunities to increase the number of D&I focused research initiatives to reduce the translation gap. DISC also provides access to training resources, a works-in-progress series for investigators, and expert consultations."
e-HAIL: E-Health & Artificial Intelligence,e-HAIL is a joint initiative between the College of Engineering and Michigan Medicine building faculty community and supporting grant development thorugh innovation in AI and health.
AI & Digital Health Innovation,"AI & Digital Health Innovation (AI&DHI) provides researchers across U-M with the tools to develop and implement clinical AI models and AI-based technologies to enhance digital healthcare. By working with interdisciplinary teams of health providers, basic scientists, engineers, and administrators, we are helping investigators tackle the most difficult research problems and rapidly bring solutions to the bedside."
Michigan Alzheimer's Disease Center,"An ADRC, or Alzheimer’s Disease Research Center, is a National Institute on Aging (NIA)-designated center focused on the research of Alzheimer’s disease and related dementias. In addition to advancing cutting-edge research, the centers provide a resource to investigators and the public by offering the opportunity for all populations to participate in clinical studies and research registries, help with obtaining a diagnosis and medical management, information about the disease, services, and resources, and support groups or other special programs."
Michigan AI Laboratory,"Since 1988, the Michigan AI Lab has been advancing foundational AI research that shapes the future of intelligent systems. Spanning machine learning, natural language processing, computer vision, robotics, reasoning, and trustworthy AI (along with many more topics), the Lab brings together faculty, students, postdocs, alumni, and collaborators to develop core methods, algorithms, and theories that expand what AI can do and how it can be used responsibly across disciplines."
Michigan Institute for Computational Discovery & Engineering,"MICDE is the University of Michigan‚Äôs hub for computational science and engineering, advancing research and education at the intersection of scientific computing, AI, and HPC. It connects researchers across disciplines and provides research and educational programs, events, and collaborative opportunities that accelerate computational and AI-for-science innovation and discovery."
Arts Research: Incubation & Acceleration (ARIA),"The Arts Research: Incubation & Acceleration (ARIA) program, a joint effort conceived and funded through a collaboration between the University of Michigan Arts Initiative and the Office of the Vice President of Research, seeks to elevate and expand arts research and creative practice across the University of Michigan’s campuses and schools. The program will support projects centered in the arts that ask creative questions and move toward new ideas and knowledges; invite new forms of collaboration and interaction both within and beyond the arts; and that imagine new approaches to problems and ideas in the arts and society. Applications are particularly encouraged from interdisciplinary research teams structured to provide mutual benefit to those in the arts and in other research sectors, and from individuals working in creative practice to imagine new horizons of artistic possibility."
Center for Global Health Equity,"The Center for Global Health Equity champions collaborative efforts to address health disparities in resource-constrained settings around the world. Based at the University of Michigan, the center's interdisciplinary approach integrates co-design principles across research, training, and policy translation to produce solutions that are equitable, evidence-based, and built to last."
Michigan Center for Applied and Interdisciplinary Mathematics,"Founded in 2016, the Michigan Center for Applied and Interdisciplinary Mathematics (MCAIM) serves as a campus-wide hub for applied and interdisciplinary mathematics at the University of Michigan. MCAIM brings together researchers from across campus, including mathematicians, scientists, and engineers to catalyze new collaborations, identify emerging research directions, and advance discoveries that are made possible through shared expertise."
Bold Challenges,"Bold Challenges, an Office of Vice President for Research initiative, leads events and programs to empower researchers to create dynamic teams, produce transformative discoveries and improve the quality of life for our communities, state, nation and world. Bold Challenges supports core objectives:
- Increase cross-school collaboration, public impact, and U-M’s competitiveness for large grants on essential challenges.
- Forecasts funding opportunities and identifies comparative advantages.
- Offers broad and inclusive pathways to large-scale external research funding."
"Center for Ethics, Society, and Computing (ESC)","The Center for Ethics, Society, and Computing (ESC – pronounced “escape”) is dedicated to intervening when digital media and computing technologies reproduce inequality, exclusion, corruption, deception, racism, or sexism. The ESC key was added to the computer keyboard to interrupt a program when it produced unwanted results, allowing the system to be critically examined. In the same way, the Center for Ethics, Society, and Computing (ESC – pronounced “escape”) is dedicated to intervening when digital media and computing technologies reproduce inequality, exclusion, corruption, deception, racism, or sexism. ESC is a research center and a collective of scholars committed to feminist, justice-focused, inclusive, and interdisciplinary approaches to computing. We are invested in the social, cultural, and political dimensions of digital technologies. We intercede in structures of power and inequality. We work with educators, workers, industrial practitioners, and policymakers.

"
Digital Studies Institute,"The Digital Studies Institute is a center for research and dialogue where faculty, students, and visitors focus their inquiry on technology, digital culture, and social justice. Questions concerning the impacts of technology on race, disability, gender, sexuality, class, power, and identity are foregrounded in courses for our undergraduate minor and graduate concentration; in our annual summer institute; and in a diverse range of public programs. The DSI is also home to the research initiative the DISCO Network."
"Science, Technology, and Public Policy (STPP) Program","University of Michigan’s Science, Technology, and Public Policy (STPP) Program is dedicated to advancing the public interest, and specifically social equity and justice, in the development and governance of science and technology through education, research, and community and policy engagement. STPP's work in AI cuts across all three of our main areas of work: education, research, and community partnerships. Our students learn how to critically evaluate the use of AI for considerations such as equity, community impact, and environmental impact. Our research illuminates the social, political, and justice implications of cutting edge AI tools. In our partnerships, we provide non-profits, government agencies, and advocacy organizations with the resources they need to make decisions about AI and advocate for their communities."
AI Institutes at Michigan (AIIM),"The AI Institutes at Michigan is the connective architecture that makes the University of Michigan's extraordinary AI ecosystem work as one for researchers, for partners, and for society."
Michigan Institute for Data & AI in Society,"The Michigan Institute for Data and AI in Society (MIDAS) advances data science and AI and enables their transformative use across disciplines to achieve lasting scientific and societal impact. With more than 700 affiliated faculty members from all schools and colleges at the U-M Ann Arbor campus, as well as from U-M Dearborn and U-M Flint, MIDAS is one of the largest data science and AI institutes at a U.S. university. MIDAS is also home to a vibrant community of more than 1,000 students and postdocs and 180 staff scientists who collaborate across 70 campus units through the Staff Collective for Data Science. Faculty, staff, and students help shape and lead MIDAS programs, driving innovation and advancing the impact of data science and AI through partnerships across U-M and beyond. MIDAS offers a comprehensive portfolio of research, training, and partnership development programs."
AI Connections,"AIConnections.umich.edu is Michigan‚Äôs social AI research network, designed to connect AI scholars, including faculty, students, postdocs, and alumni, with company collaborators and partners across the broader AI ecosystem. The platform helps members of the Michigan AI community discover one another, identify shared interests, form interdisciplinary and industry partnerships, and strengthen Michigan‚Äôs collective AI network. Sign up at aiconnections.umich.edu/register. Once your U-M affiliation is verified, you will be admitted into the system."
Human Centered Computing Lab,"The Human Centered Computing (HCC) group at the University of Michigan investigates Human Computer Interaction (HCI), Educational Technology, Multimedia, and Social Computing. HCI is a large and diverse field and the faculty cover many important areas, including strengths in the fundamentals of HCI as well as exciting new technologies and services."
Schmidt AI in Science Postdoctoral Fellowship,"This program, funded by Schmidt Sciences, provides outstanding early-career researchers with intensive training and experience in the application of Artificial Intelligence (AI) methodologies for scientific research.
Specifically, these programs will:
Catalyze creative and transformative applications of AI with the potential to lead to major scientific breakthroughs carried out by the Fellows and their mentors
Enable a broader U-M research community to adopt AI in supporting research applications across a range of science and engineering domains
Provide outstanding training to program Fellows
Collaborate with other sites to maximize the impact of the program
"
Center for Academic Innovation,"The University of Michigan Center for Academic Innovation is committed to bringing educational opportunities from the university to a global network of lifelong learners.
Through curricular innovation, tools for student success and equity, and innovative technologies, the center is building the future of education.
Online, hybrid, and blended learning programs, including for-credit and non-credit offerings. CAI offers learning experience design, media design, learner support, market research, and portfolio planning services to create, launch, and support learning experiences.

Educational technology tools and platforms. CAI supports Atlas, which empowers people to chart their own academic pathways at the University of Michigan, and other tools that enhance student success for students and global learners.

Innovative technology. CAI works with partners to integrate innovative technological solutions into teaching and learning. This includes artificial intelligence tools and integrated extended reality experiences

Education and innovation policy: CAI offers policy development guidance and regulatory compliance support in service of learning innovation and student success programs and initiatives. CAI contributes expertise to campus efforts on digital privacy, vendor licensing, and analytics data governance."
Deep Blue Repositories,"Our repositories give you safe and durable access to the work that makes the University of Michigan a leader in research, teaching, learning, and creativity, whether that work is in the form of documents or data."
ICPSR,"ICPSR is an international consortium of 800+ academic and research bodies. We provide leadership and training in data access, curation, and analytical methods for social science. Collaborating with funders, including federal US agencies, ICPSR develops themed data collections and projects. Our research delves into digital curation challenges and policy initiatives. We established the Summer Program in Quantitative Methods in 1963, educating tens of thousands of researchers in introductory to advanced training in statistics, data analysis, and quantitative research methods."
Michigan Robotics,"The Robotics Department at the University of Michigan is creating the next generation of robotics and roboticists as force-multipliers for the benefit of society.
Michigan Robotics research spans foundational methods and real-world applications.

Core areas advance the underlying science of robotics, while application areas bring these capabilities to specific domains and challenges. Many projects draw on multiple core areas and often include an application area. This interconnected research is what makes the field of robotics so dynamic and open to aspiring experts in multiple domains."
Mcity,"With access to our world-class test facility, mixed-reality testing capabilities, a data engine, and renowned talent, Mcity is your hub for research, development and deployment of next-generation mobility innovations to the real world."
School of Information (SI),"The University of Michigan School of Information (UMSI) delivers innovative, elegant and ethical solutions connecting people, information and technology. The school was one of the first iSchools in the nation and is the premier institution studying and using technology to improve human computer interactions.  

UMSI offers five degrees: a Bachelor of Science in Information (BSI), a Master of Science in Information (MSI), a Master of Health Informatics (MHI), an online Master of Applied Data Science (MADS) and a doctoral degree (PhD). 

UMSI’s programs are broadly interdisciplinary. The faculty comes from many fields, from computer science to law to social networking to public health. The student body is likewise diverse, representing well over 100 majors. 

Each member of the University of Michigan School of Information’s scholarly community comes from a unique background, making the school stronger and helping to fulfill its mission of building a better world through technology and information. The faculty, staff and students reflect the intellectual diversity of the broad range of social and technological sciences that make up the unique UMSI approach to solving information problems.

The Leinweber Computer Science and Information Building is the center of the school’s activities. The 163,000-square-foot, four-story complex houses reconfigurable classrooms, student maker labs, collaboration spaces, research labs and two of the biggest lecture halls on North Campus. UMSI will maintain a presence on Central Campus for undergraduate classes and services in 2025 and beyond."
Department of Statistics,"Our department is recognized as a leader in international statistical education and research. Our programs cater to a broad spectrum of undergraduate and graduate students interested in statistics and data science.
Our faculty members are renowned researchers and devoted educators working on some of today's most interesting and relevant problems. 

We continue to recruit the highest-quality faculty and students and dedicate our attention and resources to producing leaders of the field for the next generation.

The Department and the University welcome those from the international community."
Department of Biostatistics,"The Department of Biostatistics at the University of Michigan School of Public Health is rated as one of the nation's top biostatistics programs by U.S. News & World Report. We bring biostatistical design and analysis expertise to a wide spectrum of health-related issues. Our faculty, students, and staff work in important and diverse areas of current biostatistical research; including Bayesian methods, causal inference, clinical trials, electronic health records, high dimensional inference, image analysis, longitudinal data analysis, machine learning, methods for missing data, mobile health, personalized prevention and treatment, statistical computing, statistical genetics, genomics and bioinformatics, survey research, and survival and event history analysis."
Department of Computational Medicine & Bioinformatics,"The vision of the Gilbert S. Omenn Department of Computational Medicine and Bioinformatics (DCMB) is to advance the understanding of biological mechanisms and to accelerate biomedical discovery and translational research. Learn more about DCMB Research.

DCMB supports biomedical science through the development of powerful computational and biomedical data science methods, including novel Artificial Intelligence (AI) and Machine Learning (ML) approaches.

DCMB trains and mentors the next generation of innovators and leaders in this field, in an interdisciplinary research culture where everyone is valued.
The research focus of the Gilbert S. Omenn Department of Computational Medicine and Bioinformatics (DCMB) is to create novel and impactful informatics and computationally based AI and Machine Learning methods, tools, algorithms, and information resources to enable and extend basic and clinical research discoveries and methods. "
Department of Learning Health Sciences,"The Department of Learning Health Sciences (DLHS) is a first-in-the-nation basic science department focused on the sciences related to learning across multiple levels of scale-individual, group, organization, region and nation.

We work to improve health systematically by advancing the sciences that make learning effective, routine, and efficient. That's because we view learning as a continuous, never-ending process of discovery and implementation, leading to constant improvement and innovation.

As a department, we are committed to achieving three main goals: advancing research, providing education, and offering service programs."
"Trust, Innovation & Ethics Research for Responsible AI (TIERRA)","TIERRA is a collaborative space that seeks to harness the knowledge and power of stakeholders of health AI. Using the diverse expertise of academic faculty and students, industry professionals, policy and decision-makers, and community members, TIERRA aims to create collaborations, research, roadmaps, and resources to inform best practices and policies on the development and application of AI in healthcare settings."
Center for Data-Driven Drug Development and Treatment Assessment (DATA),"The Center for Data-Driven Drug Development and Treatment Assessment (DATA), through the pursuit of its research thrusts, has the potential to greatly enhance the national research infrastructure by increasing the capacity of the engineering/scientific workforce. In particular, DATA will produce new methodologies and infrastructure for industry-wide collaborative drug discovery, yielding new medicines at reduced cost.

The Center will focus on three main areas of unmet/underserved research needs within the (bio)pharmaceutical sector, with the goal of significantly accelerating the pace of drug discovery while reducing research costs:

The development, testing, and validation of machine learning methods for drug discovery and repurposing.
Providing an industry-wide and vendor-agnostic Secure Data Hub for pharmaceutical and patient data with third-party private search capabilities.
Enable federated machine learning for drug repositioning over encrypted databases. Enabling these research thrusts are new developments in efficient fully homomorphic encryption and applications of coupled tensor-matrix and tensor-tensor completion methods to drug discovery and repurposing."
"Center for Prediction, Reasoning & Intelligence for Multiphysics Exploration (C-PRIME)","The vision of C-PRIME is to revolutionize predictive science by unraveling and leveraging the critical influence of small scales on emergent behaviors across various physical regimes. Our target application is a rotating detonation combustor (RDC)  which is a multiphysics, multiscale problem with a rich set of science challenges. We aim to transform how complex applications, from non-equilibrium multimaterial interface evolution to turbulence, are investigated by developing sophisticated autonomous artificial intelligence (AI) agents leveraging new inner- and outer-loop algorithms. These AI-driven frameworks will systematically refine the combinations of physics, simulations, algorithms, and computing infrastructure, significantly reducing the time from initial scientific inquiries to actionable predictive insights. "
Center for Complex Particle Systems (COMPASS),"
Our center is dedicated to the creation, measurement, and modeling of complex materials, combining molecular, nano, and microscale components. By integrating both order and disorder, we establish simple chemical pathways that lead to the development of sustainable, multifunctional, and intelligent materials aimed at promoting a healthy future.

Our work bridges the fields of graph theory, network physics, particle science, and evolutionary principles to lay the foundation for innovative engineering and cultivate a diverse, global community of practitioners. This interdisciplinary approach ensures that we build robust connections between theoretical concepts and practical applications.

Through a system-based approach to complex dynamic matter, we seek solutions to the technological, medical, and environmental challenges of today and tomorrow. Our mission is to quantify and simplify the intricacies of systems composed of heterogeneous, interactive components, contributing to groundbreaking advancements and sustainable solutions."
