building_id,resource_name,tag,description,category,address,building_room,email,url,phone,audience,thematic_area
,Advanced Research Computing,Support Resource,"Advanced Research Computing (ARC), a division of U-M's Information and Technology Services, offers scientific computing and research consulting to help researchers implement machine learning and data-driven workflows. ARC provides expert guidance on data science projects, helps identify the right tools, and supports programming for advanced analytics, machine learning, and computational techniques, distinct from general HPC usage support.",Computing & Technical Resources; Consulting & Support,Remote,,"arc-support@umich.edu, arc-consulting@umich.edu",https://its.umich.edu/advanced-research-computing,,Faculty; Graduate,Computing Infrastructure; Data Science & Statistics
1000145,Data Science for Dynamic Intervention Decision Making Center (d3),Center,"The Data Science for Dynamic Intervention Decision Making Center (d3) develops the methodological toolkit scientists need to address major public health challenges. d3 collaborates with and trains scientific partners worldwide to implement its methodology, catalyzing a new generation of evidence-based, technology-powered treatments that improve health and education outcomes.",Applied & Domain Focused Research; Consulting & Support,"426 Thompson Street, Ann Arbor, MI 48104-2321",Institute for Social Research,d3-center@umich.edu,https://d3c.isr.umich.edu/,,Faculty; Graduate,Health
1000204,Statistical Analysis of Biomedical and Educational Research Group (SABER),Research Group,"The Statistical Analysis of Biomedical and Educational Research Group (SABER), a unit of the Department of Biostatistics, provides expertise in the design, conduct, and analysis of multi-center clinical trials and multidisciplinary research. SABER has served as the data coordinating center for numerous NIH-funded and industry-sponsored studies, bringing biostatistical design and analysis expertise to a wide range of health-related research.",Applied & Domain Focused Research; Consulting & Support,"1415 Washington Heights, Ann Arbor, MI 48109-2029",Vaughan SPH-I,SABER-proposals@umich.edu,https://sph.umich.edu/saber/,,Faculty; Graduate,Health; Data Science & Statistics
1005282,Clinical & Health Research Dissemination & Implementation Science Catalyst (DISC),Program,"DISC manages several dissemination and implementation (D&I) science resources for U-M study teams, including the Implementation Science Network (ISN), which builds a community of faculty, staff, and trainees interested in D&I research. DISC also provides training resources, a works-in-progress series for investigators, and expert consultations.",Funding & Project Development,"1600 Huron Parkway, Ann Arbor, MI 48109",NCRC Bldg 550,MICHR-UMISN@umich.edu,https://michr.umich.edu/offering/implementation-science-network-isn/,,Faculty; Graduate,Health
1005281,e-HAIL: E-Health & Artificial Intelligence,Initiative,e-HAIL is a joint initiative between the College of Engineering and Michigan Medicine that builds faculty community and supports grant development through innovation in AI and health.,Applied & Domain Focused Research; Funding & Project Development,"2800 Plymouth Road, Ann Arbor, MI 48109",NCRC Bldg 520,Various (https://e-hail.umich.edu/people-e-hail-team/),https://e-hail.umich.edu/,,Faculty,Health
1005276,AI & Digital Health Innovation,Program,"AI & Digital Health Innovation (AI&DHI) provides U-M researchers with the tools to develop and implement clinical AI models and AI-based technologies that enhance digital healthcare. By convening interdisciplinary teams of health providers, scientists, engineers, and administrators, AI&DHI helps investigators tackle difficult research problems and rapidly bring solutions to the bedside.",Applied & Domain Focused Research; Computing & Technical Resources; Funding & Project Development,"1600 Huron Parkway, Ann Arbor, MI 48109",NCRC Bldg 100,AIDHI@umich.edu,https://aidhi.umich.edu/,,Faculty; Graduate,Health
BLD-004706,Michigan Alzheimer's Disease Center,Center,"The Michigan Alzheimer's Disease Center (MADC) is a National Institute on Aging-designated center focused on research into Alzheimer's disease and related dementias. Beyond advancing research, MADC serves investigators and the public by offering clinical studies and research registries, support with diagnosis and medical management, disease information, and support groups.",Applied & Domain Focused Research,"2101 Commonwealth Boulevard, Ann Arbor, MI 48105",Suite D,UM-Ask-MADC@med.umich.edu,https://medresearch.umich.edu/labs-departments/centers/madc,(734) 936-8803,Faculty; Graduate,Health
1005092,Michigan AI Laboratory,Lab,"Since 1988, the Michigan AI Lab has advanced foundational AI research that shapes the future of intelligent systems. Spanning machine learning, natural language processing, computer vision, robotics, reasoning, and trustworthy AI, the Lab brings together faculty, students, postdocs, alumni, and collaborators to develop methods and theories that expand what AI can do responsibly.",AI Development; Research & Methods; Consulting & Support,"2260 Hayward Street, Ann Arbor, MI 48109-2121",Bob and Betty Beyster Building,ailabadmin@umich.edu,https://ai.engin.umich.edu/,,Faculty; Graduate,AI & Machine Learning
1005574,Michigan Institute for Computational Discovery & Engineering,Institute,"MICDE is the University of Michigan's hub for computational science and engineering, advancing research and education at the intersection of scientific computing, AI, and high-performance computing. It connects researchers across disciplines and offers research and educational programs, events, and collaborative opportunities that accelerate computational and AI-for-science innovation.",AI Development; Research & Methods; Computing & Technical Resources,"3520 Green Court, Ann Arbor, MI 48105","3520 Green Court, Suite 2300",micde-contact@umich.edu,https://micde.umich.edu/,,Faculty; Undergraduate; Graduate,AI & Machine Learning; Computing Infrastructure
1000193,Arts Research: Incubation & Acceleration (ARIA),Program,"The Arts Research: Incubation & Acceleration (ARIA) program, a joint effort between the U-M Arts Initiative and the Office of the Vice President for Research, supports projects that expand arts research and creative practice across campus. ARIA encourages interdisciplinary research teams and individuals in creative practice to pursue new collaborations and new artistic and scholarly horizons.","Arts, Humanities & Creative Practice; Funding & Project Development","1109 Geddes Avenue, Ann Arbor, MI 48109","Alexander G. Ruthven Building, Suite 1300",ARIA.grant@umich.edu,https://research.umich.edu/arts-research-incubation-acceleration-aria/,(734) 764-1185,Faculty; Graduate,Arts & Humanities
1005276,Center for Global Health Equity,Center,"The Center for Global Health Equity champions collaborative efforts to address health disparities in resource-constrained settings worldwide. Based at the University of Michigan, the Center integrates co-design principles across research, training, and policy translation to produce solutions that are equitable, evidence-based, and built to last.","Applied & Domain Focused Research; Ethics, Society & Policy","1600 Huron Parkway, Ann Arbor, MI 48109",NCRC Bldg 100,globalhealthequity@umich.edu,https://globalhealthequity.umich.edu/,,Faculty; Undergraduate; Graduate,Health; Ethics & Policy
1000166,Michigan Center for Applied and Interdisciplinary Mathematics,Center,"Founded in 2016, the Michigan Center for Applied and Interdisciplinary Mathematics (MCAIM) serves as a campus-wide hub for applied and interdisciplinary mathematics at the University of Michigan. MCAIM brings together researchers from across campus, including mathematicians, scientists, and engineers, to catalyze new collaborations, identify emerging research directions, and advance discoveries made possible through shared expertise.",AI Research; Development & Methods; Consulting & Support,"530 Church Street, Ann Arbor, MI 48109-1043","East Hall, Room 2074",math-mcaim@umich.edu,https://sites.lsa.umich.edu/mcaim/,,Faculty; Undergraduate; Graduate,Data Science & Statistics
1000193,Bold Challenges,Initiative,"Bold Challenges, an Office of the Vice President for Research initiative, leads events and programs that empower researchers to build dynamic teams, produce transformative discoveries, and improve quality of life for communities across the state, nation, and world. It increases cross-school collaboration, forecasts funding opportunities, and offers broad, inclusive pathways to large-scale external research funding.",Funding & Project Development,"1109 Geddes Avenue, Ann Arbor, MI 48109",Alexander G. Ruthven Building,Bold-Challenges@umich.edu,https://boldchallenges.umich.edu/,,Faculty,
1000145,"Center for Ethics, Society, and Computing (ESC)",Center,"The Center for Ethics, Society, and Computing (ESC) intervenes when digital media and computing technologies reproduce inequality, exclusion, corruption, deception, racism, or sexism. A research center and collective of scholars, ESC takes feminist, justice-focused, and interdisciplinary approaches to computing, working with educators, workers, industry practitioners, and policymakers on the social, cultural, and political dimensions of digital technology.","Ethics, Society & Policy; Applied & Domain Focused Research","426 Thompson Street, Ann Arbor, MI 48104-2321",Institute for Social Research,esc-center@umich.edu,https://esc.umich.edu/,(734) 764-5361,Faculty; Graduate,Ethics & Policy
1000197,Digital Studies Institute,Institute,"The Digital Studies Institute is a center for research and dialogue where faculty, students, and visitors examine technology, digital culture, and social justice. Questions about the impact of technology on race, disability, gender, sexuality, class, power, and identity are central to its undergraduate minor, graduate concentration, annual summer institute, and public programs. DSI is also home to the DISCO Network research initiative.","Applied & Domain Focused Research; Ethics, Society & Policy; Arts, Humanities & Creative Practice","419 South State Street, Ann Arbor, MI 48109-1045","Mason Hall, Room G333",umdsi.info@umich.edu,https://www.digitalstudies.umich.edu/,(734) 764-3356,Faculty; Undergraduate; Graduate,Ethics & Policy; Arts & Humanities
1005101,"Science, Technology, and Public Policy (STPP) Program",Program,"The Science, Technology, and Public Policy (STPP) Program advances social equity and justice in the governance of science and technology through education, research, and policy engagement. Its AI-focused work spans student training on AI's societal impacts, research on AI's social and justice implications, and partnerships that equip non-profits, government agencies, and advocacy organizations to make informed AI decisions.","Ethics, Society & Policy; Applied & Domain Focused Research","735 South State Street, Ann Arbor, MI 48109","Weill Hall, Gerald R. Ford School of Public Policy",stpp@umich.edu,https://stpp.fordschool.umich.edu/topic-areas/artificial-intelligence,(734) 764-0453,Faculty; Graduate,Ethics & Policy
,AI Institutes at Michigan (AIIM),Support Resource,"AI Institutes at Michigan (AIIM) is the connective architecture that brings together the University of Michigan's AI ecosystem for researchers, partners, and society alike.",AI Research; Development & Methods; Applied & Domain Focused Research,Remote,,AIIM-Info@umich.edu,https://aiim.umich.edu/,,Faculty; Graduate,AI & Machine Learning
1000165,Michigan Institute for Data & AI in Society,Institute,"The Michigan Institute for Data & AI in Society (MIDAS) advances data science and AI to achieve lasting scientific and societal impact. With more than 700 affiliated faculty and a community of over 1,000 students and postdocs across 70 campus units, MIDAS is one of the largest data science and AI institutes at a U.S. university, offering a broad portfolio of research, training, and partnership programs.",AI Research; Development & Methods; Consulting & Support,"500 Church Street, Ann Arbor, MI 48109-1042","Weiser Hall, Suite 600",midas-research@umich.edu,https://midas.umich.edu/,,Faculty; Undergraduate; Graduate,AI & Machine Learning; Data Science & Statistics
1005092,AI Connections,Network/Community,"AI Connections is Michigan's social AI research network, designed to connect AI scholars, including faculty, students, postdocs, and alumni, with company collaborators and partners across the broader AI ecosystem. The platform helps members of the Michigan AI community discover one another, identify shared interests, and form interdisciplinary and industry partnerships.",AI Development; Research & Methods; Consulting & Support,"2260 Hayward Street, Ann Arbor, MI 48109-2121",Bob and Betty Beyster Building,ailabadmin@umich.edu,https://aiconnections.umich.edu/,,Faculty; Graduate,AI & Machine Learning
1005092,Human Centered Computing Lab,Lab,"The Human Centered Computing (HCC) Lab at the University of Michigan investigates human-computer interaction (HCI), educational technology, multimedia, and social computing. Its faculty cover a broad range of HCI topics, from foundational research to emerging technologies and services.",AI Research,"2260 Hayward Street, Ann Arbor, MI 48109-2121",Bob and Betty Beyster Building,apsample@umich.edu,https://hcc.engin.umich.edu/,,Faculty; Graduate,Human-Computer Interaction
1000165,Schmidt AI in Science Postdoctoral Fellowship,Fellowship,"The Schmidt AI in Science Postdoctoral Fellowship, funded by Schmidt Sciences, gives outstanding early-career researchers intensive training in applying AI methodologies to scientific research. The program catalyzes transformative AI-driven scientific breakthroughs, helps the broader U-M research community adopt AI across science and engineering, and collaborates with other sites to maximize impact.",Funding & Project Development,"500 Church Street, Ann Arbor, MI 48109-1042","Weiser Hall, Suite 600", schmidt-aim@umich.edu,https://midas.umich.edu/training/postdoctoral-programs/schmidt-ai-in-science-postdoctoral-fellowship/,,Graduate; Faculty,AI & Machine Learning
BLD-034725,Center for Academic Innovation,Center,"The University of Michigan Center for Academic Innovation (CAI) brings educational opportunities to a global network of lifelong learners through curricular innovation and learning technologies. CAI offers learning experience design, educational technology platforms like Atlas, and integration of AI and extended-reality tools into teaching. It also provides policy guidance on digital privacy, vendor licensing, and analytics data governance.",Consulting & Support,"317 Maynard Street, Ann Arbor, MI 48104",,academicinnovation@umich.edu,https://ai.umich.edu/,(734) 764-7351,Faculty,Education
1000181,Deep Blue Repositories,Support Resource,"Deep Blue Repositories give the University of Michigan community safe, durable access to the research, teaching, learning, and creative work that makes U-M a leader in these areas, whether that work takes the form of documents or data.",Computing & Technical Resources,"913 South University Avenue, Ann Arbor, MI 48109",Hatcher Graduate Library,deepblue@umich.edu,https://www.lib.umich.edu/collections/deep-blue-repositories,,Faculty; Graduate; Undergraduate,Computing Infrastructure
1000890,ICPSR,Center,"ICPSR is an international consortium of more than 800 academic and research organizations that provides leadership and training in data access, curation, and analytical methods for social science. Collaborating with funders including federal agencies, ICPSR develops themed data collections and has run the Summer Program in Quantitative Methods since 1963, training researchers in statistics, data analysis, and research methods.",Research & Methods,"330 Packard Street, Ann Arbor, MI 48104",Perry Building,ICPSR-help@umich.edu,https://www.icpsr.umich.edu/,,Faculty; Graduate,Data Science & Statistics
1005418,Michigan Robotics,Department,"The Robotics Department at the University of Michigan develops the next generation of robotics and roboticists as force-multipliers for society. Its research spans foundational methods and real-world applications, with core areas advancing the underlying science of robotics and application areas bringing those capabilities to specific domains and challenges.",Applied & Domain Focused Research,"2505 Hayward Street, Ann Arbor, MI 48109-2106",Ford Motor Company Robotics Building,robotics-contact@umich.edu,https://robotics.umich.edu/,,Faculty; Graduate; Undergraduate,Robotics & Autonomy
1005381,Mcity,Center,"Mcity operates a world-class test facility with mixed-reality testing capabilities, a data engine, and renowned talent, serving as the University of Michigan's hub for research, development, and deployment of next-generation mobility innovations.",Applied & Domain Focused Research,"2905 Baxter Road, Ann Arbor, MI 48109",,,https://mcity.umich.edu/,,Faculty; Graduate,Robotics & Autonomy
1005504,School of Information (SI),School,"The University of Michigan School of Information (UMSI) delivers innovative, ethical solutions connecting people, information, and technology, and was among the first iSchools in the nation. UMSI's interdisciplinary faculty and students study artificial intelligence alongside human-computer interaction, spanning fields from computer science to public health. The school is based in the Leinweber Computer Science and Information Building on North Campus.",AI Research,"2200 Hayward Street, Ann Arbor, MI 48109",Leinweber Computer Science and Information Building,umsi.research.office@umich.edu,https://www.si.umich.edu/research/research-areas/artificial-intelligence,(734) 647-6333,Faculty; Graduate; Undergraduate,Human-Computer Interaction
1000167,Department of Statistics,Department,"The Department of Statistics at the University of Michigan is recognized as a leader in international statistical education and research, with programs spanning undergraduate and graduate study in statistics and data science. Its faculty are renowned researchers and educators working on some of today's most relevant problems, training the next generation of leaders in the field.",Research & Methods,"1085 South University Avenue, Ann Arbor, MI 48109-1107","West Hall, Room 323",stat-um@umich.edu,https://lsa.umich.edu/stats,,Faculty; Graduate; Undergraduate,Data Science & Statistics
1000204,Department of Biostatistics,Department,"The Department of Biostatistics at the University of Michigan School of Public Health is rated among the nation's top biostatistics programs by U.S. News & World Report. Its faculty, students, and staff bring biostatistical design and analysis expertise to a wide range of health research, including clinical trials, machine learning, statistical genetics, and survival analysis.",Research & Methods,"1415 Washington Heights, Ann Arbor, MI 48109-2029",Vaughan SPH-I,sph.bio.inquiries@umich.edu,https://sph.umich.edu/biostat/,,Faculty; Graduate,Health; Data Science & Statistics
1000190,Department of Computational Medicine & Bioinformatics,Department,"The Gilbert S. Omenn Department of Computational Medicine and Bioinformatics (DCMB) advances the understanding of biological mechanisms and accelerates biomedical discovery and translational research. DCMB develops computational and biomedical data science methods, including novel AI and machine learning approaches, while training the next generation of innovators in an interdisciplinary research culture.",Applied & Domain Focused Research,"1301 Catherine Street, Ann Arbor, MI 48109-2218","Medical Sciences Building I, B-Wing",dcmb-gradbioinfo@med.umich.edu,https://medschool.umich.edu/departments/computational-medicine-bioinformatics,,Faculty; Graduate,Health; AI & Machine Learning
1000065,Department of Learning Health Sciences,Department,"The Department of Learning Health Sciences (DLHS) is a first-in-the-nation basic science department focused on the sciences of learning across individual, group, organizational, regional, and national scales. DLHS works to improve health by advancing the sciences that make learning effective, routine, and efficient, pursuing three goals: advancing research, providing education, and offering service programs.",Applied & Domain Focused Research,"1111 East Catherine Street, Ann Arbor, MI 48109","Victor Vaughan Building, Room 209",learning.health.sciences@umich.edu,https://medschool.umich.edu/departments/learning-health-sciences,,Faculty; Graduate,Health
1005256,"Trust, Innovation & Ethics Research for Responsible AI (TIERRA)",Program,"TIERRA is a collaborative space that harnesses the knowledge and influence of health AI stakeholders. Drawing on the expertise of academic faculty and students, industry professionals, policymakers, and community members, TIERRA creates collaborations, research, roadmaps, and resources that inform best practices and policies for developing and applying AI in healthcare.","Ethics, Society & Policy","2800 Plymouth Road, Ann Arbor, MI 48109","NCRC Bldg 16, Room B014-G017",mi-tierra@umich.edu,https://medresearch.umich.edu/labs-departments/labs/TIERRA,,Faculty; Graduate,Health; Ethics & Policy
1005258,Center for Data-Driven Drug Development and Treatment Assessment (DATA),Center,"The Center for Data-Driven Drug Development and Treatment Assessment (DATA) aims to strengthen the national research infrastructure and grow the engineering and scientific workforce through its research. DATA develops new methodologies for industry-wide collaborative drug discovery to reduce costs and speed new medicines, focusing on machine learning for drug discovery, a secure data hub for pharmaceutical and patient data, and privacy-preserving federated learning across encrypted databases.",AI Research; Applied & Domain Focused Research,"2800 Plymouth Road, Ann Arbor, MI 48109","NCRC Bldg 18, Room 155", data-iucrc@umich.edu,https://midas.umich.edu/collaboration/data/,,Faculty; Graduate,Health; AI & Machine Learning
1000395,"Center for Prediction, Reasoning & Intelligence for Multiphysics Exploration (C-PRIME)",Lab,"C-PRIME aims to revolutionize predictive science by uncovering how small-scale physics shapes emergent behavior across complex physical systems, using a rotating detonation combustor as its target application. The center develops autonomous AI agents and new algorithms to systematically refine combinations of physics, simulations, and computing infrastructure, shrinking the time from scientific inquiry to actionable predictive insight.",AI Research; Applied & Domain Focused Research,"1320 Beal Avenue, Ann Arbor, MI 48109-2140",Francois-Xavier Bagnoud Building (FXB),ramanvr@umich.edu,https://c-prime.engin.umich.edu/,,Faculty; Graduate,Physical Sciences & Engineering; AI & Machine Learning
1005281,Center for Complex Particle Systems (COMPASS),Lab,"The Center for Complex Particle Systems (COMPASS) creates, measures, and models complex materials by combining molecular, nano-, and microscale components. By integrating order and disorder, COMPASS develops simple chemical pathways toward sustainable, multifunctional, intelligent materials, bridging graph theory, network physics, and particle science to address technological, medical, and environmental challenges.",AI Research; Applied & Domain Focused Research,"2800 Plymouth Road, Ann Arbor, MI 48109",NCRC Bldg 520,compass-stc@umich.edu,https://compass.engin.umich.edu/,(734) 936-9905,Faculty; Graduate,Physical Sciences & Engineering
